"filename", "language", "JavaScript", "PostCSS", "JSON", "Dotenv", "JavaScript JSX", "JSON with Comments", "TypeScript", "comment", "blank", "total"
"c:\Users\dryde\Documents\Mobile-Apps\my-expo-app\.env", "Dotenv", 0, 0, 0, 3, 0, 0, 0, 0, 2, 5
"c:\Users\dryde\Documents\Mobile-Apps\my-expo-app\app-env.d.ts", "TypeScript", 0, 0, 0, 0, 0, 0, 0, 2, 1, 3
"c:\Users\dryde\Documents\Mobile-Apps\my-expo-app\app.config.js", "JavaScript", 88, 0, 0, 0, 0, 0, 0, 1, 4, 93
"c:\Users\dryde\Documents\Mobile-Apps\my-expo-app\app\(main)\_layout.jsx", "JavaScript JSX", 0, 0, 0, 0, 80, 0, 0, 1, 15, 96
"c:\Users\dryde\Documents\Mobile-Apps\my-expo-app\app\(main)\competitions\[instanceId]\[fixtureId]\index.jsx", "JavaScript JSX", 0, 0, 0, 0, 65, 0, 0, 0, 13, 78
"c:\Users\dryde\Documents\Mobile-Apps\my-expo-app\app\(main)\competitions\[instanceId]\index.jsx", "JavaScript JSX", 0, 0, 0, 0, 945, 0, 0, 8, 83, 1036
"c:\Users\dryde\Documents\Mobile-Apps\my-expo-app\app\(main)\competitions\_layout.jsx", "JavaScript JSX", 0, 0, 0, 0, 5, 0, 0, 0, 3, 8
"c:\Users\dryde\Documents\Mobile-Apps\my-expo-app\app\(main)\competitions\create-blueprint\create-competition-rules.jsx", "JavaScript JSX", 0, 0, 0, 0, 6, 0, 0, 0, 3, 9
"c:\Users\dryde\Documents\Mobile-Apps\my-expo-app\app\(main)\competitions\create-blueprint\index.jsx", "JavaScript JSX", 0, 0, 0, 0, 158, 0, 0, 0, 8, 166
"c:\Users\dryde\Documents\Mobile-Apps\my-expo-app\app\(main)\competitions\create-blueprint\requirements.jsx", "JavaScript JSX", 0, 0, 0, 0, 353, 0, 0, 2, 8, 363
"c:\Users\dryde\Documents\Mobile-Apps\my-expo-app\app\(main)\competitions\index.jsx", "JavaScript JSX", 0, 0, 0, 0, 173, 0, 0, 0, 5, 178
"c:\Users\dryde\Documents\Mobile-Apps\my-expo-app\app\(main)\competitions\initiate-competition\index.jsx", "JavaScript JSX", 0, 0, 0, 0, 270, 0, 0, 9, 17, 296
"c:\Users\dryde\Documents\Mobile-Apps\my-expo-app\app\(main)\competitions\initiate-competition\modify-competition-rules.jsx", "JavaScript JSX", 0, 0, 0, 0, 6, 0, 0, 0, 3, 9
"c:\Users\dryde\Documents\Mobile-Apps\my-expo-app\app\(main)\competitions\team-management.jsx", "JavaScript JSX", 0, 0, 0, 0, 151, 0, 0, 0, 7, 158
"c:\Users\dryde\Documents\Mobile-Apps\my-expo-app\app\(main)\home\[fixtureId]\[teamId]\[userId]\index.jsx", "JavaScript JSX", 0, 0, 0, 0, 40, 0, 0, 0, 4, 44
"c:\Users\dryde\Documents\Mobile-Apps\my-expo-app\app\(main)\home\[fixtureId]\[teamId]\[userId]\player-stats\index.jsx", "JavaScript JSX", 0, 0, 0, 0, 7, 0, 0, 0, 3, 10
"c:\Users\dryde\Documents\Mobile-Apps\my-expo-app\app\(main)\home\[fixtureId]\[teamId]\_layout.jsx", "JavaScript JSX", 0, 0, 0, 0, 9, 0, 0, 0, 3, 12
"c:\Users\dryde\Documents\Mobile-Apps\my-expo-app\app\(main)\home\[fixtureId]\[teamId]\compare-stats.jsx", "JavaScript JSX", 0, 0, 0, 0, 29, 0, 0, 0, 4, 33
"c:\Users\dryde\Documents\Mobile-Apps\my-expo-app\app\(main)\home\[fixtureId]\[teamId]\index.jsx", "JavaScript JSX", 0, 0, 0, 0, 27, 0, 0, 0, 4, 31
"c:\Users\dryde\Documents\Mobile-Apps\my-expo-app\app\(main)\home\[fixtureId]\[teamId]\team-stats\index.jsx", "JavaScript JSX", 0, 0, 0, 0, 8, 0, 0, 0, 3, 11
"c:\Users\dryde\Documents\Mobile-Apps\my-expo-app\app\(main)\home\[fixtureId]\_layout.jsx", "JavaScript JSX", 0, 0, 0, 0, 9, 0, 0, 0, 3, 12
"c:\Users\dryde\Documents\Mobile-Apps\my-expo-app\app\(main)\home\[fixtureId]\approve-results.jsx", "JavaScript JSX", 0, 0, 0, 0, 243, 0, 0, 0, 10, 253
"c:\Users\dryde\Documents\Mobile-Apps\my-expo-app\app\(main)\home\[fixtureId]\index.jsx", "JavaScript JSX", 0, 0, 0, 0, 65, 0, 0, 0, 14, 79
"c:\Users\dryde\Documents\Mobile-Apps\my-expo-app\app\(main)\home\[fixtureId]\submit-results.jsx", "JavaScript JSX", 0, 0, 0, 0, 1178, 0, 0, 26, 53, 1257
"c:\Users\dryde\Documents\Mobile-Apps\my-expo-app\app\(main)\home\_layout.jsx", "JavaScript JSX", 0, 0, 0, 0, 22, 0, 0, 0, 4, 26
"c:\Users\dryde\Documents\Mobile-Apps\my-expo-app\app\(main)\home\fixtures\_layout.jsx", "JavaScript JSX", 0, 0, 0, 0, 11, 0, 0, 0, 4, 15
"c:\Users\dryde\Documents\Mobile-Apps\my-expo-app\app\(main)\home\fixtures\index.jsx", "JavaScript JSX", 0, 0, 0, 0, 24, 0, 0, 0, 3, 27
"c:\Users\dryde\Documents\Mobile-Apps\my-expo-app\app\(main)\home\help\_layout.jsx", "JavaScript JSX", 0, 0, 0, 0, 5, 0, 0, 0, 3, 8
"c:\Users\dryde\Documents\Mobile-Apps\my-expo-app\app\(main)\home\help\index.jsx", "JavaScript JSX", 0, 0, 0, 0, 269, 0, 0, 1, 7, 277
"c:\Users\dryde\Documents\Mobile-Apps\my-expo-app\app\(main)\home\index.jsx", "JavaScript JSX", 0, 0, 0, 0, 444, 0, 0, 1, 28, 473
"c:\Users\dryde\Documents\Mobile-Apps\my-expo-app\app\(main)\home\league\[teamId]\[userId]\_layout.jsx", "JavaScript JSX", 0, 0, 0, 0, 11, 0, 0, 0, 4, 15
"c:\Users\dryde\Documents\Mobile-Apps\my-expo-app\app\(main)\home\league\[teamId]\[userId]\index.jsx", "JavaScript JSX", 0, 0, 0, 0, 40, 0, 0, 0, 4, 44
"c:\Users\dryde\Documents\Mobile-Apps\my-expo-app\app\(main)\home\league\[teamId]\[userId]\player-stats\index.jsx", "JavaScript JSX", 0, 0, 0, 0, 7, 0, 0, 0, 3, 10
"c:\Users\dryde\Documents\Mobile-Apps\my-expo-app\app\(main)\home\league\[teamId]\_layout.jsx", "JavaScript JSX", 0, 0, 0, 0, 11, 0, 0, 0, 4, 15
"c:\Users\dryde\Documents\Mobile-Apps\my-expo-app\app\(main)\home\league\[teamId]\compare-stats.jsx", "JavaScript JSX", 0, 0, 0, 0, 29, 0, 0, 0, 4, 33
"c:\Users\dryde\Documents\Mobile-Apps\my-expo-app\app\(main)\home\league\[teamId]\index.jsx", "JavaScript JSX", 0, 0, 0, 0, 31, 0, 0, 0, 4, 35
"c:\Users\dryde\Documents\Mobile-Apps\my-expo-app\app\(main)\home\league\[teamId]\team-stats\index.jsx", "JavaScript JSX", 0, 0, 0, 0, 7, 0, 0, 0, 3, 10
"c:\Users\dryde\Documents\Mobile-Apps\my-expo-app\app\(main)\home\league\_layout.jsx", "JavaScript JSX", 0, 0, 0, 0, 11, 0, 0, 0, 4, 15
"c:\Users\dryde\Documents\Mobile-Apps\my-expo-app\app\(main)\home\league\index.jsx", "JavaScript JSX", 0, 0, 0, 0, 25, 0, 0, 0, 4, 29
"c:\Users\dryde\Documents\Mobile-Apps\my-expo-app\app\(main)\home\paywall.jsx", "JavaScript JSX", 0, 0, 0, 0, 29, 0, 0, 0, 3, 32
"c:\Users\dryde\Documents\Mobile-Apps\my-expo-app\app\(main)\home\premium\index.jsx", "JavaScript JSX", 0, 0, 0, 0, 29, 0, 0, 0, 4, 33
"c:\Users\dryde\Documents\Mobile-Apps\my-expo-app\app\(main)\home\results\_layout.jsx", "JavaScript JSX", 0, 0, 0, 0, 9, 0, 0, 0, 3, 12
"c:\Users\dryde\Documents\Mobile-Apps\my-expo-app\app\(main)\home\results\index.jsx", "JavaScript JSX", 0, 0, 0, 0, 24, 0, 0, 0, 3, 27
"c:\Users\dryde\Documents\Mobile-Apps\my-expo-app\app\(main)\home\transfers\_layout.jsx", "JavaScript JSX", 0, 0, 0, 0, 9, 0, 0, 0, 3, 12
"c:\Users\dryde\Documents\Mobile-Apps\my-expo-app\app\(main)\home\transfers\index.jsx", "JavaScript JSX", 0, 0, 0, 0, 5, 0, 0, 0, 3, 8
"c:\Users\dryde\Documents\Mobile-Apps\my-expo-app\app\(main)\index.jsx", "JavaScript JSX", 0, 0, 0, 0, 10, 0, 0, 0, 3, 13
"c:\Users\dryde\Documents\Mobile-Apps\my-expo-app\app\(main)\my-leagues\[teamId]\manage-team.jsx", "JavaScript JSX", 0, 0, 0, 0, 203, 0, 0, 0, 9, 212
"c:\Users\dryde\Documents\Mobile-Apps\my-expo-app\app\(main)\my-leagues\[teamId]\team-profile.jsx", "JavaScript JSX", 0, 0, 0, 0, 40, 0, 0, 0, 6, 46
"c:\Users\dryde\Documents\Mobile-Apps\my-expo-app\app\(main)\my-leagues\_layout.jsx", "JavaScript JSX", 0, 0, 0, 0, 5, 0, 0, 0, 3, 8
"c:\Users\dryde\Documents\Mobile-Apps\my-expo-app\app\(main)\my-leagues\create-competition.jsx", "JavaScript JSX", 0, 0, 0, 0, 622, 0, 0, 22, 43, 687
"c:\Users\dryde\Documents\Mobile-Apps\my-expo-app\app\(main)\my-leagues\division-overview.jsx", "JavaScript JSX", 0, 0, 0, 0, 269, 0, 0, 0, 11, 280
"c:\Users\dryde\Documents\Mobile-Apps\my-expo-app\app\(main)\my-leagues\index.jsx", "JavaScript JSX", 0, 0, 0, 0, 93, 0, 0, 1, 13, 107
"c:\Users\dryde\Documents\Mobile-Apps\my-expo-app\app\(main)\onboarding\(entity-onboarding)\_layout.jsx", "JavaScript JSX", 0, 0, 0, 0, 12, 0, 0, 0, 2, 14
"c:\Users\dryde\Documents\Mobile-Apps\my-expo-app\app\(main)\onboarding\(entity-onboarding)\admin-or-player.jsx", "JavaScript JSX", 0, 0, 0, 0, 64, 0, 0, 0, 6, 70
"c:\Users\dryde\Documents\Mobile-Apps\my-expo-app\app\(main)\onboarding\(entity-onboarding)\create-divisions.jsx", "JavaScript JSX", 0, 0, 0, 0, 588, 0, 0, 30, 60, 678
"c:\Users\dryde\Documents\Mobile-Apps\my-expo-app\app\(main)\onboarding\(entity-onboarding)\create-join-team.jsx", "JavaScript JSX", 0, 0, 0, 0, 60, 0, 0, 0, 6, 66
"c:\Users\dryde\Documents\Mobile-Apps\my-expo-app\app\(main)\onboarding\(entity-onboarding)\create-season.jsx", "JavaScript JSX", 0, 0, 0, 0, 149, 0, 0, 0, 13, 162
"c:\Users\dryde\Documents\Mobile-Apps\my-expo-app\app\(main)\onboarding\(entity-onboarding)\district-name.jsx", "JavaScript JSX", 0, 0, 0, 0, 124, 0, 0, 3, 12, 139
"c:\Users\dryde\Documents\Mobile-Apps\my-expo-app\app\(main)\onboarding\(entity-onboarding)\district-settings.jsx", "JavaScript JSX", 0, 0, 0, 0, 149, 0, 0, 1, 7, 157
"c:\Users\dryde\Documents\Mobile-Apps\my-expo-app\app\(main)\onboarding\(entity-onboarding)\division-rewards.jsx", "JavaScript JSX", 0, 0, 0, 0, 296, 0, 0, 11, 27, 334
"c:\Users\dryde\Documents\Mobile-Apps\my-expo-app\app\(main)\onboarding\(entity-onboarding)\pending-request.jsx", "JavaScript JSX", 0, 0, 0, 0, 148, 0, 0, 0, 18, 166
"c:\Users\dryde\Documents\Mobile-Apps\my-expo-app\app\(main)\onboarding\(entity-onboarding)\profile-claim.jsx", "JavaScript JSX", 0, 0, 0, 0, 225, 0, 0, 1, 36, 262
"c:\Users\dryde\Documents\Mobile-Apps\my-expo-app\app\(main)\onboarding\(entity-onboarding)\team-address.jsx", "JavaScript JSX", 0, 0, 0, 0, 194, 0, 0, 0, 17, 211
"c:\Users\dryde\Documents\Mobile-Apps\my-expo-app\app\(main)\onboarding\(entity-onboarding)\team-confirm.jsx", "JavaScript JSX", 0, 0, 0, 0, 145, 0, 0, 0, 16, 161
"c:\Users\dryde\Documents\Mobile-Apps\my-expo-app\app\(main)\onboarding\(entity-onboarding)\team-crest.jsx", "JavaScript JSX", 0, 0, 0, 0, 74, 0, 0, 0, 11, 85
"c:\Users\dryde\Documents\Mobile-Apps\my-expo-app\app\(main)\onboarding\(entity-onboarding)\team-division-request.jsx", "JavaScript JSX", 0, 0, 0, 0, 235, 0, 0, 2, 25, 262
"c:\Users\dryde\Documents\Mobile-Apps\my-expo-app\app\(main)\onboarding\(entity-onboarding)\team-name.jsx", "JavaScript JSX", 0, 0, 0, 0, 229, 0, 0, 0, 24, 253
"c:\Users\dryde\Documents\Mobile-Apps\my-expo-app\app\(main)\onboarding\(entity-onboarding)\team-photo.jsx", "JavaScript JSX", 0, 0, 0, 0, 89, 0, 0, 0, 8, 97
"c:\Users\dryde\Documents\Mobile-Apps\my-expo-app\app\(main)\onboarding\(entity-onboarding)\unique-code.jsx", "JavaScript JSX", 0, 0, 0, 0, 329, 0, 0, 11, 39, 379
"c:\Users\dryde\Documents\Mobile-Apps\my-expo-app\app\(main)\onboarding\(profile-onboarding)\_layout.jsx", "JavaScript JSX", 0, 0, 0, 0, 11, 0, 0, 0, 2, 13
"c:\Users\dryde\Documents\Mobile-Apps\my-expo-app\app\(main)\onboarding\(profile-onboarding)\avatar.jsx", "JavaScript JSX", 0, 0, 0, 0, 148, 0, 0, 3, 18, 169
"c:\Users\dryde\Documents\Mobile-Apps\my-expo-app\app\(main)\onboarding\(profile-onboarding)\dob.jsx", "JavaScript JSX", 0, 0, 0, 0, 141, 0, 0, 3, 9, 153
"c:\Users\dryde\Documents\Mobile-Apps\my-expo-app\app\(main)\onboarding\(profile-onboarding)\gender.jsx", "JavaScript JSX", 0, 0, 0, 0, 87, 0, 0, 0, 9, 96
"c:\Users\dryde\Documents\Mobile-Apps\my-expo-app\app\(main)\onboarding\(profile-onboarding)\name.jsx", "JavaScript JSX", 0, 0, 0, 0, 101, 0, 0, 0, 12, 113
"c:\Users\dryde\Documents\Mobile-Apps\my-expo-app\app\(main)\onboarding\(profile-onboarding)\nickname.jsx", "JavaScript JSX", 0, 0, 0, 0, 72, 0, 0, 0, 6, 78
"c:\Users\dryde\Documents\Mobile-Apps\my-expo-app\app\(main)\onboarding\_layout.jsx", "JavaScript JSX", 0, 0, 0, 0, 56, 0, 0, 0, 7, 63
"c:\Users\dryde\Documents\Mobile-Apps\my-expo-app\app\(main)\onboarding\profile\_layout.jsx", "JavaScript JSX", 0, 0, 0, 0, 7, 0, 0, 0, 4, 11
"c:\Users\dryde\Documents\Mobile-Apps\my-expo-app\app\(main)\onboarding\profile\edit-profile.jsx", "JavaScript JSX", 0, 0, 0, 0, 11, 0, 0, 0, 4, 15
"c:\Users\dryde\Documents\Mobile-Apps\my-expo-app\app\(main)\onboarding\profile\index.jsx", "JavaScript JSX", 0, 0, 0, 0, 129, 0, 0, 0, 7, 136
"c:\Users\dryde\Documents\Mobile-Apps\my-expo-app\app\(main)\onboarding\season\_layout.jsx", "JavaScript JSX", 0, 0, 0, 0, 7, 0, 0, 0, 4, 11
"c:\Users\dryde\Documents\Mobile-Apps\my-expo-app\app\(main)\onboarding\season\index.jsx", "JavaScript JSX", 0, 0, 0, 0, 155, 0, 0, 3, 8, 166
"c:\Users\dryde\Documents\Mobile-Apps\my-expo-app\app\(main)\onboarding\upgrade\_layout.jsx", "JavaScript JSX", 0, 0, 0, 0, 11, 0, 0, 0, 4, 15
"c:\Users\dryde\Documents\Mobile-Apps\my-expo-app\app\(main)\onboarding\upgrade\index.jsx", "JavaScript JSX", 0, 0, 0, 0, 16, 0, 0, 0, 3, 19
"c:\Users\dryde\Documents\Mobile-Apps\my-expo-app\app\(main)\profile\_layout.jsx", "JavaScript JSX", 0, 0, 0, 0, 11, 0, 0, 0, 4, 15
"c:\Users\dryde\Documents\Mobile-Apps\my-expo-app\app\(main)\profile\badges.jsx", "JavaScript JSX", 0, 0, 0, 0, 39, 0, 0, 0, 3, 42
"c:\Users\dryde\Documents\Mobile-Apps\my-expo-app\app\(main)\profile\index.jsx", "JavaScript JSX", 0, 0, 0, 0, 194, 0, 0, 0, 7, 201
"c:\Users\dryde\Documents\Mobile-Apps\my-expo-app\app\(main)\profile\leaderboard.jsx", "JavaScript JSX", 0, 0, 0, 0, 133, 0, 0, 7, 15, 155
"c:\Users\dryde\Documents\Mobile-Apps\my-expo-app\app\(main)\rankings\_layout.jsx", "JavaScript JSX", 0, 0, 0, 0, 12, 0, 0, 0, 4, 16
"c:\Users\dryde\Documents\Mobile-Apps\my-expo-app\app\(main)\rankings\index.jsx", "JavaScript JSX", 0, 0, 0, 0, 171, 0, 0, 0, 10, 181
"c:\Users\dryde\Documents\Mobile-Apps\my-expo-app\app\(main)\rankings\podium\_layout.jsx", "JavaScript JSX", 0, 0, 0, 0, 7, 0, 0, 0, 4, 11
"c:\Users\dryde\Documents\Mobile-Apps\my-expo-app\app\(main)\rankings\podium\index.jsx", "JavaScript JSX", 0, 0, 0, 0, 198, 0, 0, 9, 17, 224
"c:\Users\dryde\Documents\Mobile-Apps\my-expo-app\app\(main)\role-select.jsx", "JavaScript JSX", 0, 0, 0, 0, 97, 0, 0, 1, 5, 103
"c:\Users\dryde\Documents\Mobile-Apps\my-expo-app\app\(main)\settings\Abbreviation.jsx", "JavaScript JSX", 0, 0, 0, 0, 24, 0, 0, 0, 3, 27
"c:\Users\dryde\Documents\Mobile-Apps\my-expo-app\app\(main)\settings\ExcludedDates.jsx", "JavaScript JSX", 0, 0, 0, 0, 104, 0, 0, 2, 9, 115
"c:\Users\dryde\Documents\Mobile-Apps\my-expo-app\app\(main)\settings\LeagueConfig.jsx", "JavaScript JSX", 0, 0, 0, 0, 223, 0, 0, 0, 32, 255
"c:\Users\dryde\Documents\Mobile-Apps\my-expo-app\app\(main)\settings\ManageAddress.jsx", "JavaScript JSX", 0, 0, 0, 0, 159, 0, 0, 0, 18, 177
"c:\Users\dryde\Documents\Mobile-Apps\my-expo-app\app\(main)\settings\Notifications.jsx", "JavaScript JSX", 0, 0, 0, 0, 64, 0, 0, 1, 5, 70
"c:\Users\dryde\Documents\Mobile-Apps\my-expo-app\app\(main)\settings\PersonalDetails.jsx", "JavaScript JSX", 0, 0, 0, 0, 5, 0, 0, 0, 3, 8
"c:\Users\dryde\Documents\Mobile-Apps\my-expo-app\app\(main)\settings\PlayerManagement.jsx", "JavaScript JSX", 0, 0, 0, 0, 102, 0, 0, 1, 7, 110
"c:\Users\dryde\Documents\Mobile-Apps\my-expo-app\app\(main)\settings\Privacy.jsx", "JavaScript JSX", 0, 0, 0, 0, 53, 0, 0, 1, 5, 59
"c:\Users\dryde\Documents\Mobile-Apps\my-expo-app\app\(main)\settings\SignInAndSecurity.jsx", "JavaScript JSX", 0, 0, 0, 0, 760, 0, 0, 17, 81, 858
"c:\Users\dryde\Documents\Mobile-Apps\my-expo-app\app\(main)\settings\StartNewSeason.jsx", "JavaScript JSX", 0, 0, 0, 0, 355, 0, 0, 9, 33, 397
"c:\Users\dryde\Documents\Mobile-Apps\my-expo-app\app\(main)\settings\Subscriptions.jsx", "JavaScript JSX", 0, 0, 0, 0, 178, 0, 0, 1, 24, 203
"c:\Users\dryde\Documents\Mobile-Apps\my-expo-app\app\(main)\settings\TeamCoverImage.jsx", "JavaScript JSX", 0, 0, 0, 0, 112, 0, 0, 2, 16, 130
"c:\Users\dryde\Documents\Mobile-Apps\my-expo-app\app\(main)\settings\TeamCrest.jsx", "JavaScript JSX", 0, 0, 0, 0, 70, 0, 0, 1, 8, 79
"c:\Users\dryde\Documents\Mobile-Apps\my-expo-app\app\(main)\settings\TeamDetails.jsx", "JavaScript JSX", 0, 0, 0, 0, 121, 0, 0, 0, 11, 132
"c:\Users\dryde\Documents\Mobile-Apps\my-expo-app\app\(main)\settings\TeamManagement.jsx", "JavaScript JSX", 0, 0, 0, 0, 120, 0, 0, 2, 9, 131
"c:\Users\dryde\Documents\Mobile-Apps\my-expo-app\app\(main)\settings\[playerId].jsx", "JavaScript JSX", 0, 0, 0, 0, 206, 0, 0, 0, 9, 215
"c:\Users\dryde\Documents\Mobile-Apps\my-expo-app\app\(main)\settings\_layout.jsx", "JavaScript JSX", 0, 0, 0, 0, 7, 0, 0, 0, 4, 11
"c:\Users\dryde\Documents\Mobile-Apps\my-expo-app\app\(main)\settings\index.jsx", "JavaScript JSX", 0, 0, 0, 0, 298, 0, 0, 3, 17, 318
"c:\Users\dryde\Documents\Mobile-Apps\my-expo-app\app\(main)\teams\[userId]\compare-stats.jsx", "JavaScript JSX", 0, 0, 0, 0, 29, 0, 0, 0, 4, 33
"c:\Users\dryde\Documents\Mobile-Apps\my-expo-app\app\(main)\teams\[userId]\index.jsx", "JavaScript JSX", 0, 0, 0, 0, 42, 0, 0, 0, 4, 46
"c:\Users\dryde\Documents\Mobile-Apps\my-expo-app\app\(main)\teams\[userId]\player-stats\index.jsx", "JavaScript JSX", 0, 0, 0, 0, 7, 0, 0, 0, 3, 10
"c:\Users\dryde\Documents\Mobile-Apps\my-expo-app\app\(main)\teams\[userId]\team-stats\index.jsx", "JavaScript JSX", 0, 0, 0, 0, 8, 0, 0, 0, 3, 11
"c:\Users\dryde\Documents\Mobile-Apps\my-expo-app\app\(main)\teams\_layout.jsx", "JavaScript JSX", 0, 0, 0, 0, 6, 0, 0, 0, 3, 9
"c:\Users\dryde\Documents\Mobile-Apps\my-expo-app\app\(main)\teams\index.jsx", "JavaScript JSX", 0, 0, 0, 0, 40, 0, 0, 0, 6, 46
"c:\Users\dryde\Documents\Mobile-Apps\my-expo-app\app\+not-found.jsx", "JavaScript JSX", 0, 0, 0, 0, 69, 0, 0, 1, 5, 75
"c:\Users\dryde\Documents\Mobile-Apps\my-expo-app\app\_layout.jsx", "JavaScript JSX", 0, 0, 0, 0, 90, 0, 0, 1, 7, 98
"c:\Users\dryde\Documents\Mobile-Apps\my-expo-app\app\auth\_layout.jsx", "JavaScript JSX", 0, 0, 0, 0, 20, 0, 0, 0, 5, 25
"c:\Users\dryde\Documents\Mobile-Apps\my-expo-app\app\auth\forgot-password.jsx", "JavaScript JSX", 0, 0, 0, 0, 46, 0, 0, 1, 6, 53
"c:\Users\dryde\Documents\Mobile-Apps\my-expo-app\app\auth\login.jsx", "JavaScript JSX", 0, 0, 0, 0, 233, 0, 0, 6, 28, 267
"c:\Users\dryde\Documents\Mobile-Apps\my-expo-app\app\auth\reset-password.jsx", "JavaScript JSX", 0, 0, 0, 0, 110, 0, 0, 2, 9, 121
"c:\Users\dryde\Documents\Mobile-Apps\my-expo-app\app\auth\signup.jsx", "JavaScript JSX", 0, 0, 0, 0, 257, 0, 0, 7, 32, 296
"c:\Users\dryde\Documents\Mobile-Apps\my-expo-app\app\components\AbbreviationEditor.jsx", "JavaScript JSX", 0, 0, 0, 0, 141, 0, 0, 1, 16, 158
"c:\Users\dryde\Documents\Mobile-Apps\my-expo-app\app\components\AnimatedSearchBar.jsx", "JavaScript JSX", 0, 0, 0, 0, 83, 0, 0, 1, 13, 97
"c:\Users\dryde\Documents\Mobile-Apps\my-expo-app\app\components\AppleSignInButton.jsx", "JavaScript JSX", 0, 0, 0, 0, 61, 0, 0, 5, 14, 80
"c:\Users\dryde\Documents\Mobile-Apps\my-expo-app\app\components\Avatar.jsx", "JavaScript JSX", 0, 0, 0, 0, 38, 0, 0, 0, 5, 43
"c:\Users\dryde\Documents\Mobile-Apps\my-expo-app\app\components\AwaitingResultCard.jsx", "JavaScript JSX", 0, 0, 0, 0, 96, 0, 0, 0, 4, 100
"c:\Users\dryde\Documents\Mobile-Apps\my-expo-app\app\components\BadgeList.jsx", "JavaScript JSX", 0, 0, 0, 0, 156, 0, 0, 4, 14, 174
"c:\Users\dryde\Documents\Mobile-Apps\my-expo-app\app\components\BadgeTierScrollView.jsx", "JavaScript JSX", 0, 0, 0, 0, 160, 0, 0, 6, 29, 195
"c:\Users\dryde\Documents\Mobile-Apps\my-expo-app\app\components\BadgeUnlockModal.jsx", "JavaScript JSX", 0, 0, 0, 0, 297, 0, 0, 39, 20, 356
"c:\Users\dryde\Documents\Mobile-Apps\my-expo-app\app\components\BasicPaywall.jsx", "JavaScript JSX", 0, 0, 0, 0, 520, 0, 0, 18, 50, 588
"c:\Users\dryde\Documents\Mobile-Apps\my-expo-app\app\components\BottomSheetModal.jsx", "JavaScript JSX", 0, 0, 0, 0, 33, 0, 0, 2, 6, 41
"c:\Users\dryde\Documents\Mobile-Apps\my-expo-app\app\components\BottomSheetWrapper.jsx", "JavaScript JSX", 0, 0, 0, 0, 64, 0, 0, 1, 5, 70
"c:\Users\dryde\Documents\Mobile-Apps\my-expo-app\app\components\BrandHeader.jsx", "JavaScript JSX", 0, 0, 0, 0, 50, 0, 0, 0, 3, 53
"c:\Users\dryde\Documents\Mobile-Apps\my-expo-app\app\components\CTAButton.jsx", "JavaScript JSX", 0, 0, 0, 0, 84, 0, 0, 0, 9, 93
"c:\Users\dryde\Documents\Mobile-Apps\my-expo-app\app\components\CachedImage.jsx", "JavaScript JSX", 0, 0, 0, 0, 29, 0, 0, 0, 5, 34
"c:\Users\dryde\Documents\Mobile-Apps\my-expo-app\app\components\ChildTeamCard.jsx", "JavaScript JSX", 0, 0, 0, 0, 316, 0, 0, 11, 19, 346
"c:\Users\dryde\Documents\Mobile-Apps\my-expo-app\app\components\ChipSelector.jsx", "JavaScript JSX", 0, 0, 0, 0, 50, 0, 0, 45, 6, 101
"c:\Users\dryde\Documents\Mobile-Apps\my-expo-app\app\components\CircleButtonRow.jsx", "JavaScript JSX", 0, 0, 0, 0, 63, 0, 0, 0, 8, 71
"c:\Users\dryde\Documents\Mobile-Apps\my-expo-app\app\components\CircularProgress.jsx", "JavaScript JSX", 0, 0, 0, 0, 50, 0, 0, 2, 5, 57
"c:\Users\dryde\Documents\Mobile-Apps\my-expo-app\app\components\ColorPickerGrid.jsx", "JavaScript JSX", 0, 0, 0, 0, 88, 0, 0, 4, 16, 108
"c:\Users\dryde\Documents\Mobile-Apps\my-expo-app\app\components\CompareEntityStats.jsx", "JavaScript JSX", 0, 0, 0, 0, 525, 0, 0, 6, 34, 565
"c:\Users\dryde\Documents\Mobile-Apps\my-expo-app\app\components\CompareTeamStatsRows.jsx", "JavaScript JSX", 0, 0, 0, 0, 523, 0, 0, 3, 14, 540
"c:\Users\dryde\Documents\Mobile-Apps\my-expo-app\app\components\CompetitionInstanceCard.jsx", "JavaScript JSX", 0, 0, 0, 0, 361, 0, 0, 13, 41, 415
"c:\Users\dryde\Documents\Mobile-Apps\my-expo-app\app\components\CompetitionRules.jsx", "JavaScript JSX", 0, 0, 0, 0, 323, 0, 0, 3, 15, 341
"c:\Users\dryde\Documents\Mobile-Apps\my-expo-app\app\components\ConfirmFramesList.jsx", "JavaScript JSX", 0, 0, 0, 0, 193, 0, 0, 7, 36, 236
"c:\Users\dryde\Documents\Mobile-Apps\my-expo-app\app\components\ConfirmModal.jsx", "JavaScript JSX", 0, 0, 0, 0, 65, 0, 0, 1, 5, 71
"c:\Users\dryde\Documents\Mobile-Apps\my-expo-app\app\components\CrestEditor.jsx", "JavaScript JSX", 0, 0, 0, 0, 252, 0, 0, 2, 10, 264
"c:\Users\dryde\Documents\Mobile-Apps\my-expo-app\app\components\CustomDatePicker.jsx", "JavaScript JSX", 0, 0, 0, 0, 50, 0, 0, 0, 2, 52
"c:\Users\dryde\Documents\Mobile-Apps\my-expo-app\app\components\CustomDropdown.jsx", "JavaScript JSX", 0, 0, 0, 0, 288, 0, 0, 22, 31, 341
"c:\Users\dryde\Documents\Mobile-Apps\my-expo-app\app\components\CustomHeader.jsx", "JavaScript JSX", 0, 0, 0, 0, 61, 0, 0, 6, 8, 75
"c:\Users\dryde\Documents\Mobile-Apps\my-expo-app\app\components\CustomMultiSelect.jsx", "JavaScript JSX", 0, 0, 0, 0, 91, 0, 0, 5, 13, 109
"c:\Users\dryde\Documents\Mobile-Apps\my-expo-app\app\components\CustomNativeHeader.jsx", "JavaScript JSX", 0, 0, 0, 0, 52, 0, 0, 3, 6, 61
"c:\Users\dryde\Documents\Mobile-Apps\my-expo-app\app\components\CustomTextInput.jsx", "JavaScript JSX", 0, 0, 0, 0, 80, 0, 0, 2, 8, 90
"c:\Users\dryde\Documents\Mobile-Apps\my-expo-app\app\components\DivisionAccordion.jsx", "JavaScript JSX", 0, 0, 0, 0, 128, 0, 0, 2, 9, 139
"c:\Users\dryde\Documents\Mobile-Apps\my-expo-app\app\components\DivisionsList.jsx", "JavaScript JSX", 0, 0, 0, 0, 138, 0, 0, 4, 19, 161
"c:\Users\dryde\Documents\Mobile-Apps\my-expo-app\app\components\DonutChart.jsx", "JavaScript JSX", 0, 0, 0, 0, 93, 0, 0, 0, 11, 104
"c:\Users\dryde\Documents\Mobile-Apps\my-expo-app\app\components\DropdownFilterButton.jsx", "JavaScript JSX", 0, 0, 0, 0, 19, 0, 0, 0, 4, 23
"c:\Users\dryde\Documents\Mobile-Apps\my-expo-app\app\components\EditDivisionForm.jsx", "JavaScript JSX", 0, 0, 0, 0, 839, 0, 0, 14, 69, 922
"c:\Users\dryde\Documents\Mobile-Apps\my-expo-app\app\components\EditableSettingsItem.jsx", "JavaScript JSX", 0, 0, 0, 0, 70, 0, 0, 0, 8, 78
"c:\Users\dryde\Documents\Mobile-Apps\my-expo-app\app\components\EntityStats.jsx", "JavaScript JSX", 0, 0, 0, 0, 166, 0, 0, 0, 14, 180
"c:\Users\dryde\Documents\Mobile-Apps\my-expo-app\app\components\ExpandableView.jsx", "JavaScript JSX", 0, 0, 0, 0, 51, 0, 0, 0, 7, 58
"c:\Users\dryde\Documents\Mobile-Apps\my-expo-app\app\components\Explore.jsx", "JavaScript JSX", 0, 0, 0, 0, 401, 0, 0, 10, 35, 446
"c:\Users\dryde\Documents\Mobile-Apps\my-expo-app\app\components\FixtureManagement.jsx", "JavaScript JSX", 0, 0, 0, 0, 548, 0, 0, 15, 51, 614
"c:\Users\dryde\Documents\Mobile-Apps\my-expo-app\app\components\FixturePage.jsx", "JavaScript JSX", 0, 0, 0, 0, 354, 0, 0, 2, 22, 378
"c:\Users\dryde\Documents\Mobile-Apps\my-expo-app\app\components\FixturesAccordion.jsx", "JavaScript JSX", 0, 0, 0, 0, 240, 0, 0, 4, 16, 260
"c:\Users\dryde\Documents\Mobile-Apps\my-expo-app\app\components\FixturesHomeCard.jsx", "JavaScript JSX", 0, 0, 0, 0, 79, 0, 0, 0, 5, 84
"c:\Users\dryde\Documents\Mobile-Apps\my-expo-app\app\components\FixturesList.jsx", "JavaScript JSX", 0, 0, 0, 0, 441, 0, 0, 12, 38, 491
"c:\Users\dryde\Documents\Mobile-Apps\my-expo-app\app\components\FloatingBottomSheet.jsx", "JavaScript JSX", 0, 0, 0, 0, 100, 0, 0, 2, 9, 111
"c:\Users\dryde\Documents\Mobile-Apps\my-expo-app\app\components\ForfeitRequestModal.jsx", "JavaScript JSX", 0, 0, 0, 0, 52, 0, 0, 4, 8, 64
"c:\Users\dryde\Documents\Mobile-Apps\my-expo-app\app\components\FormWidget.jsx", "JavaScript JSX", 0, 0, 0, 0, 144, 0, 0, 2, 21, 167
"c:\Users\dryde\Documents\Mobile-Apps\my-expo-app\app\components\FramesList.jsx", "JavaScript JSX", 0, 0, 0, 0, 88, 0, 0, 5, 12, 105
"c:\Users\dryde\Documents\Mobile-Apps\my-expo-app\app\components\GenerateFixturesForm.jsx", "JavaScript JSX", 0, 0, 0, 0, 668, 0, 0, 27, 75, 770
"c:\Users\dryde\Documents\Mobile-Apps\my-expo-app\app\components\GradientBall.jsx", "JavaScript JSX", 0, 0, 0, 0, 39, 0, 0, 0, 6, 45
"c:\Users\dryde\Documents\Mobile-Apps\my-expo-app\app\components\HeadToHead.jsx", "JavaScript JSX", 0, 0, 0, 0, 100, 0, 0, 4, 8, 112
"c:\Users\dryde\Documents\Mobile-Apps\my-expo-app\app\components\Heading.jsx", "JavaScript JSX", 0, 0, 0, 0, 9, 0, 0, 0, 3, 12
"c:\Users\dryde\Documents\Mobile-Apps\my-expo-app\app\components\HomeScreenCardLarge.jsx", "JavaScript JSX", 0, 0, 0, 0, 57, 0, 0, 0, 7, 64
"c:\Users\dryde\Documents\Mobile-Apps\my-expo-app\app\components\HorizontalScrollUpcomingFixtures.jsx", "JavaScript JSX", 0, 0, 0, 0, 69, 0, 0, 1, 6, 76
"c:\Users\dryde\Documents\Mobile-Apps\my-expo-app\app\components\HorizontalStatBar.jsx", "JavaScript JSX", 0, 0, 0, 0, 75, 0, 0, 2, 8, 85
"c:\Users\dryde\Documents\Mobile-Apps\my-expo-app\app\components\ImageUploader.jsx", "JavaScript JSX", 0, 0, 0, 0, 151, 0, 0, 0, 19, 170
"c:\Users\dryde\Documents\Mobile-Apps\my-expo-app\app\components\KeyboardAwareScrollView.jsx", "JavaScript JSX", 0, 0, 0, 0, 32, 0, 0, 0, 3, 35
"c:\Users\dryde\Documents\Mobile-Apps\my-expo-app\app\components\KnockoutBracket.jsx", "JavaScript JSX", 0, 0, 0, 0, 439, 0, 0, 15, 67, 521
"c:\Users\dryde\Documents\Mobile-Apps\my-expo-app\app\components\Last5MatchesList.jsx", "JavaScript JSX", 0, 0, 0, 0, 66, 0, 0, 0, 4, 70
"c:\Users\dryde\Documents\Mobile-Apps\my-expo-app\app\components\LeaderboardCard.jsx", "JavaScript JSX", 0, 0, 0, 0, 96, 0, 0, 3, 12, 111
"c:\Users\dryde\Documents\Mobile-Apps\my-expo-app\app\components\LeaderboardRow.jsx", "JavaScript JSX", 0, 0, 0, 0, 92, 0, 0, 5, 9, 106
"c:\Users\dryde\Documents\Mobile-Apps\my-expo-app\app\components\LeagueHomeCard.jsx", "JavaScript JSX", 0, 0, 0, 0, 78, 0, 0, 0, 8, 86
"c:\Users\dryde\Documents\Mobile-Apps\my-expo-app\app\components\LeagueTable.jsx", "JavaScript JSX", 0, 0, 0, 0, 125, 0, 0, 4, 7, 136
"c:\Users\dryde\Documents\Mobile-Apps\my-expo-app\app\components\LeagueTableWrapper.jsx", "JavaScript JSX", 0, 0, 0, 0, 264, 0, 0, 10, 26, 300
"c:\Users\dryde\Documents\Mobile-Apps\my-expo-app\app\components\LivePulseCard.jsx", "JavaScript JSX", 0, 0, 0, 0, 80, 0, 0, 2, 8, 90
"c:\Users\dryde\Documents\Mobile-Apps\my-expo-app\app\components\LoadingScreen.jsx", "JavaScript JSX", 0, 0, 0, 0, 16, 0, 0, 0, 3, 19
"c:\Users\dryde\Documents\Mobile-Apps\my-expo-app\app\components\ManageCompTeam.jsx", "JavaScript JSX", 0, 0, 0, 0, 546, 0, 0, 16, 42, 604
"c:\Users\dryde\Documents\Mobile-Apps\my-expo-app\app\components\MenuContainer.jsx", "JavaScript JSX", 0, 0, 0, 0, 12, 0, 0, 0, 3, 15
"c:\Users\dryde\Documents\Mobile-Apps\my-expo-app\app\components\ModalDropdown.jsx", "JavaScript JSX", 0, 0, 0, 0, 84, 0, 0, 11, 7, 102
"c:\Users\dryde\Documents\Mobile-Apps\my-expo-app\app\components\ModalWrappedDatePicker.jsx", "JavaScript JSX", 0, 0, 0, 0, 124, 0, 0, 0, 10, 134
"c:\Users\dryde\Documents\Mobile-Apps\my-expo-app\app\components\MultiOptionSlidingToggle.jsx", "JavaScript JSX", 0, 0, 0, 0, 107, 0, 0, 2, 12, 121
"c:\Users\dryde\Documents\Mobile-Apps\my-expo-app\app\components\MyTeamCard.jsx", "JavaScript JSX", 0, 0, 0, 0, 48, 0, 0, 0, 4, 52
"c:\Users\dryde\Documents\Mobile-Apps\my-expo-app\app\components\NavBar2.jsx", "JavaScript JSX", 0, 0, 0, 0, 149, 0, 0, 6, 20, 175
"c:\Users\dryde\Documents\Mobile-Apps\my-expo-app\app\components\PendingResultCard.jsx", "JavaScript JSX", 0, 0, 0, 0, 112, 0, 0, 0, 4, 116
"c:\Users\dryde\Documents\Mobile-Apps\my-expo-app\app\components\PersonalDetailsComponent.jsx", "JavaScript JSX", 0, 0, 0, 0, 394, 0, 0, 9, 56, 459
"c:\Users\dryde\Documents\Mobile-Apps\my-expo-app\app\components\PlayerCard.jsx", "JavaScript JSX", 0, 0, 0, 0, 117, 0, 0, 1, 13, 131
"c:\Users\dryde\Documents\Mobile-Apps\my-expo-app\app\components\PlayerFrameList.jsx", "JavaScript JSX", 0, 0, 0, 0, 101, 0, 0, 0, 11, 112
"c:\Users\dryde\Documents\Mobile-Apps\my-expo-app\app\components\PlayerLeaderboard.jsx", "JavaScript JSX", 0, 0, 0, 0, 97, 0, 0, 6, 14, 117
"c:\Users\dryde\Documents\Mobile-Apps\my-expo-app\app\components\PlayerProfile.jsx", "JavaScript JSX", 0, 0, 0, 0, 500, 0, 0, 0, 31, 531
"c:\Users\dryde\Documents\Mobile-Apps\my-expo-app\app\components\PlayerProfileHeader.jsx", "JavaScript JSX", 0, 0, 0, 0, 163, 0, 0, 13, 27, 203
"c:\Users\dryde\Documents\Mobile-Apps\my-expo-app\app\components\PlayerStatSelector.jsx", "JavaScript JSX", 0, 0, 0, 0, 111, 0, 0, 0, 7, 118
"c:\Users\dryde\Documents\Mobile-Apps\my-expo-app\app\components\PlayerStatsPage.jsx", "JavaScript JSX", 0, 0, 0, 0, 49, 0, 0, 0, 5, 54
"c:\Users\dryde\Documents\Mobile-Apps\my-expo-app\app\components\PlayersList.jsx", "JavaScript JSX", 0, 0, 0, 0, 46, 0, 0, 2, 9, 57
"c:\Users\dryde\Documents\Mobile-Apps\my-expo-app\app\components\Podium.jsx", "JavaScript JSX", 0, 0, 0, 0, 161, 0, 0, 7, 17, 185
"c:\Users\dryde\Documents\Mobile-Apps\my-expo-app\app\components\PoolRack.jsx", "JavaScript JSX", 0, 0, 0, 0, 162, 0, 0, 6, 15, 183
"c:\Users\dryde\Documents\Mobile-Apps\my-expo-app\app\components\PremiumPaywall.jsx", "JavaScript JSX", 0, 0, 0, 0, 109, 0, 0, 2, 7, 118
"c:\Users\dryde\Documents\Mobile-Apps\my-expo-app\app\components\ProGate.jsx", "JavaScript JSX", 0, 0, 0, 0, 110, 0, 0, 5, 15, 130
"c:\Users\dryde\Documents\Mobile-Apps\my-expo-app\app\components\RefreshSpinner.jsx", "JavaScript JSX", 0, 0, 0, 0, 58, 0, 0, 4, 8, 70
"c:\Users\dryde\Documents\Mobile-Apps\my-expo-app\app\components\RequestStatusCard.jsx", "JavaScript JSX", 0, 0, 0, 0, 70, 0, 0, 4, 16, 90
"c:\Users\dryde\Documents\Mobile-Apps\my-expo-app\app\components\ResultCard.jsx", "JavaScript JSX", 0, 0, 0, 0, 31, 0, 0, 0, 4, 35
"c:\Users\dryde\Documents\Mobile-Apps\my-expo-app\app\components\ResultsHomeCard.jsx", "JavaScript JSX", 0, 0, 0, 0, 68, 0, 0, 2, 6, 76
"c:\Users\dryde\Documents\Mobile-Apps\my-expo-app\app\components\ResultsList.jsx", "JavaScript JSX", 0, 0, 0, 0, 471, 0, 0, 12, 46, 529
"c:\Users\dryde\Documents\Mobile-Apps\my-expo-app\app\components\ResultsTable.jsx", "JavaScript JSX", 0, 0, 0, 0, 20, 0, 0, 0, 4, 24
"c:\Users\dryde\Documents\Mobile-Apps\my-expo-app\app\components\RoleCard.jsx", "JavaScript JSX", 0, 0, 0, 0, 30, 0, 0, 0, 5, 35
"c:\Users\dryde\Documents\Mobile-Apps\my-expo-app\app\components\SafeViewWrapper.jsx", "JavaScript JSX", 0, 0, 0, 0, 29, 0, 0, 0, 6, 35
"c:\Users\dryde\Documents\Mobile-Apps\my-expo-app\app\components\SearchResultsOverlay.jsx", "JavaScript JSX", 0, 0, 0, 0, 134, 0, 0, 1, 17, 152
"c:\Users\dryde\Documents\Mobile-Apps\my-expo-app\app\components\SeasonControlCard.jsx", "JavaScript JSX", 0, 0, 0, 0, 141, 0, 0, 3, 17, 161
"c:\Users\dryde\Documents\Mobile-Apps\my-expo-app\app\components\SeasonStats.jsx", "JavaScript JSX", 0, 0, 0, 0, 100, 0, 0, 2, 11, 113
"c:\Users\dryde\Documents\Mobile-Apps\my-expo-app\app\components\SelectStatMenu.jsx", "JavaScript JSX", 0, 0, 0, 0, 90, 0, 0, 3, 8, 101
"c:\Users\dryde\Documents\Mobile-Apps\my-expo-app\app\components\SelectionSettingsItem.jsx", "JavaScript JSX", 0, 0, 0, 0, 39, 0, 0, 0, 7, 46
"c:\Users\dryde\Documents\Mobile-Apps\my-expo-app\app\components\SettingsItem.jsx", "JavaScript JSX", 0, 0, 0, 0, 117, 0, 0, 0, 10, 127
"c:\Users\dryde\Documents\Mobile-Apps\my-expo-app\app\components\SevenSegmentScoreboard.jsx", "JavaScript JSX", 0, 0, 0, 0, 120, 0, 0, 5, 16, 141
"c:\Users\dryde\Documents\Mobile-Apps\my-expo-app\app\components\Skeletons.jsx", "JavaScript JSX", 0, 0, 0, 0, 125, 0, 0, 1, 7, 133
"c:\Users\dryde\Documents\Mobile-Apps\my-expo-app\app\components\SlidingTabButton.jsx", "JavaScript JSX", 0, 0, 0, 0, 115, 0, 0, 4, 20, 139
"c:\Users\dryde\Documents\Mobile-Apps\my-expo-app\app\components\SpinningSun.jsx", "JavaScript JSX", 0, 0, 0, 0, 135, 0, 0, 3, 25, 163
"c:\Users\dryde\Documents\Mobile-Apps\my-expo-app\app\components\StatCard.jsx", "JavaScript JSX", 0, 0, 0, 0, 71, 0, 0, 4, 10, 85
"c:\Users\dryde\Documents\Mobile-Apps\my-expo-app\app\components\StatCardCompare.jsx", "JavaScript JSX", 0, 0, 0, 0, 62, 0, 0, 3, 11, 76
"c:\Users\dryde\Documents\Mobile-Apps\my-expo-app\app\components\StepPillGroup.jsx", "JavaScript JSX", 0, 0, 0, 0, 56, 0, 0, 0, 6, 62
"c:\Users\dryde\Documents\Mobile-Apps\my-expo-app\app\components\SwitchSettingsItem.jsx", "JavaScript JSX", 0, 0, 0, 0, 72, 0, 0, 0, 10, 82
"c:\Users\dryde\Documents\Mobile-Apps\my-expo-app\app\components\TeamInviteCard.jsx", "JavaScript JSX", 0, 0, 0, 0, 111, 0, 0, 4, 11, 126
"c:\Users\dryde\Documents\Mobile-Apps\my-expo-app\app\components\TeamInviteCard2.jsx", "JavaScript JSX", 0, 0, 0, 0, 233, 0, 0, 9, 16, 258
"c:\Users\dryde\Documents\Mobile-Apps\my-expo-app\app\components\TeamJoinRequests.jsx", "JavaScript JSX", 0, 0, 0, 0, 381, 0, 0, 7, 54, 442
"c:\Users\dryde\Documents\Mobile-Apps\my-expo-app\app\components\TeamLogo.jsx", "JavaScript JSX", 0, 0, 0, 0, 275, 0, 0, 5, 32, 312
"c:\Users\dryde\Documents\Mobile-Apps\my-expo-app\app\components\TeamProfile.jsx", "JavaScript JSX", 0, 0, 0, 0, 276, 0, 0, 0, 29, 305
"c:\Users\dryde\Documents\Mobile-Apps\my-expo-app\app\components\TeamProfileHeader.jsx", "JavaScript JSX", 0, 0, 0, 0, 171, 0, 0, 10, 26, 207
"c:\Users\dryde\Documents\Mobile-Apps\my-expo-app\app\components\TeamStatsPage.jsx", "JavaScript JSX", 0, 0, 0, 0, 53, 0, 0, 0, 5, 58
"c:\Users\dryde\Documents\Mobile-Apps\my-expo-app\app\components\TicketCard.jsx", "JavaScript JSX", 0, 0, 0, 0, 202, 0, 0, 9, 19, 230
"c:\Users\dryde\Documents\Mobile-Apps\my-expo-app\app\components\TicketCarousel.jsx", "JavaScript JSX", 0, 0, 0, 0, 104, 0, 0, 7, 14, 125
"c:\Users\dryde\Documents\Mobile-Apps\my-expo-app\app\components\TicketTapeBanner.jsx", "JavaScript JSX", 0, 0, 0, 0, 111, 0, 0, 11, 11, 133
"c:\Users\dryde\Documents\Mobile-Apps\my-expo-app\app\components\ToggleTransferWindowCard.jsx", "JavaScript JSX", 0, 0, 0, 0, 95, 0, 0, 5, 12, 112
"c:\Users\dryde\Documents\Mobile-Apps\my-expo-app\app\components\TransferWindowCard.jsx", "JavaScript JSX", 0, 0, 0, 0, 71, 0, 0, 1, 10, 82
"c:\Users\dryde\Documents\Mobile-Apps\my-expo-app\app\components\TrophyCabinet.jsx", "JavaScript JSX", 0, 0, 0, 0, 286, 0, 0, 9, 22, 317
"c:\Users\dryde\Documents\Mobile-Apps\my-expo-app\app\components\TrophyCabinetPlaque.jsx", "JavaScript JSX", 0, 0, 0, 0, 76, 0, 0, 15, 8, 99
"c:\Users\dryde\Documents\Mobile-Apps\my-expo-app\app\components\TrophyModaContent.jsx", "JavaScript JSX", 0, 0, 0, 0, 191, 0, 0, 16, 28, 235
"c:\Users\dryde\Documents\Mobile-Apps\my-expo-app\app\components\UpcomingFixtureCard.jsx", "JavaScript JSX", 0, 0, 0, 0, 85, 0, 0, 0, 5, 90
"c:\Users\dryde\Documents\Mobile-Apps\my-expo-app\app\components\svgs.jsx", "JavaScript JSX", 0, 0, 0, 0, 133, 0, 0, 2, 10, 145
"c:\Users\dryde\Documents\Mobile-Apps\my-expo-app\app\contexts\AdminContext.jsx", "JavaScript JSX", 0, 0, 0, 0, 30, 0, 0, 0, 7, 37
"c:\Users\dryde\Documents\Mobile-Apps\my-expo-app\app\contexts\AppRealtimeProvider.jsx", "JavaScript JSX", 0, 0, 0, 0, 188, 0, 0, 3, 25, 216
"c:\Users\dryde\Documents\Mobile-Apps\my-expo-app\app\contexts\BadgeUnlockProvider.jsx", "JavaScript JSX", 0, 0, 0, 0, 26, 0, 0, 5, 7, 38
"c:\Users\dryde\Documents\Mobile-Apps\my-expo-app\app\contexts\NotificationsPanelProvider.jsx", "JavaScript JSX", 0, 0, 0, 0, 305, 0, 0, 28, 49, 382
"c:\Users\dryde\Documents\Mobile-Apps\my-expo-app\app\contexts\RevenueCatProvider.jsx", "JavaScript JSX", 0, 0, 0, 0, 301, 0, 0, 80, 54, 435
"c:\Users\dryde\Documents\Mobile-Apps\my-expo-app\app\contexts\UserProvider.jsx", "JavaScript JSX", 0, 0, 0, 0, 132, 0, 0, 16, 35, 183
"c:\Users\dryde\Documents\Mobile-Apps\my-expo-app\app\hooks\Countdown.jsx", "JavaScript JSX", 0, 0, 0, 0, 52, 0, 0, 3, 17, 72
"c:\Users\dryde\Documents\Mobile-Apps\my-expo-app\app\hooks\useAcceptTeamInvite.jsx", "JavaScript JSX", 0, 0, 0, 0, 21, 0, 0, 0, 6, 27
"c:\Users\dryde\Documents\Mobile-Apps\my-expo-app\app\hooks\useActiveFrame.jsx", "JavaScript JSX", 0, 0, 0, 0, 129, 0, 0, 7, 21, 157
"c:\Users\dryde\Documents\Mobile-Apps\my-expo-app\app\hooks\useActiveSubscription.jsx", "JavaScript JSX", 0, 0, 0, 0, 29, 0, 0, 1, 12, 42
"c:\Users\dryde\Documents\Mobile-Apps\my-expo-app\app\hooks\useAddresses.jsx", "JavaScript JSX", 0, 0, 0, 0, 16, 0, 0, 0, 5, 21
"c:\Users\dryde\Documents\Mobile-Apps\my-expo-app\app\hooks\useAdminsByDistrict.jsx", "JavaScript JSX", 0, 0, 0, 0, 19, 0, 0, 0, 5, 24
"c:\Users\dryde\Documents\Mobile-Apps\my-expo-app\app\hooks\useAmendedFixtures.jsx", "JavaScript JSX", 0, 0, 0, 0, 42, 0, 0, 1, 7, 50
"c:\Users\dryde\Documents\Mobile-Apps\my-expo-app\app\hooks\useAuth.jsx", "JavaScript JSX", 0, 0, 0, 0, 20, 0, 0, 0, 7, 27
"c:\Users\dryde\Documents\Mobile-Apps\my-expo-app\app\hooks\useAuthUserProfile2.jsx", "JavaScript JSX", 0, 0, 0, 0, 37, 0, 0, 2, 10, 49
"c:\Users\dryde\Documents\Mobile-Apps\my-expo-app\app\hooks\useCachedImage.jsx", "JavaScript JSX", 0, 0, 0, 0, 42, 0, 0, 0, 13, 55
"c:\Users\dryde\Documents\Mobile-Apps\my-expo-app\app\hooks\useChildTeamInvites.jsx", "JavaScript JSX", 0, 0, 0, 0, 20, 0, 0, 0, 5, 25
"c:\Users\dryde\Documents\Mobile-Apps\my-expo-app\app\hooks\useChildTeams.jsx", "JavaScript JSX", 0, 0, 0, 0, 20, 0, 0, 0, 4, 24
"c:\Users\dryde\Documents\Mobile-Apps\my-expo-app\app\hooks\useCompetition.jsx", "JavaScript JSX", 0, 0, 0, 0, 20, 0, 0, 0, 4, 24
"c:\Users\dryde\Documents\Mobile-Apps\my-expo-app\app\hooks\useCompetitionInstanceDetails.jsx", "JavaScript JSX", 0, 0, 0, 0, 27, 0, 0, 1, 4, 32
"c:\Users\dryde\Documents\Mobile-Apps\my-expo-app\app\hooks\useCompetitionInstances.jsx", "JavaScript JSX", 0, 0, 0, 0, 27, 0, 0, 1, 4, 32
"c:\Users\dryde\Documents\Mobile-Apps\my-expo-app\app\hooks\useCompetitions.jsx", "JavaScript JSX", 0, 0, 0, 0, 26, 0, 0, 0, 8, 34
"c:\Users\dryde\Documents\Mobile-Apps\my-expo-app\app\hooks\useCompressAndUploadImage.jsx", "JavaScript JSX", 0, 0, 0, 0, 65, 0, 0, 1, 15, 81
"c:\Users\dryde\Documents\Mobile-Apps\my-expo-app\app\hooks\useCreateChildTeam.jsx", "JavaScript JSX", 0, 0, 0, 0, 16, 0, 0, 0, 3, 19
"c:\Users\dryde\Documents\Mobile-Apps\my-expo-app\app\hooks\useDeclineTeamInvite.jsx", "JavaScript JSX", 0, 0, 0, 0, 21, 0, 0, 0, 6, 27
"c:\Users\dryde\Documents\Mobile-Apps\my-expo-app\app\hooks\useDisputedFixtures.jsx", "JavaScript JSX", 0, 0, 0, 0, 42, 0, 0, 1, 7, 50
"c:\Users\dryde\Documents\Mobile-Apps\my-expo-app\app\hooks\useDistricts.jsx", "JavaScript JSX", 0, 0, 0, 0, 19, 0, 0, 0, 6, 25
"c:\Users\dryde\Documents\Mobile-Apps\my-expo-app\app\hooks\useDivisions.jsx", "JavaScript JSX", 0, 0, 0, 0, 21, 0, 0, 0, 4, 25
"c:\Users\dryde\Documents\Mobile-Apps\my-expo-app\app\hooks\useFixtureDetails.jsx", "JavaScript JSX", 0, 0, 0, 0, 98, 0, 0, 3, 9, 110
"c:\Users\dryde\Documents\Mobile-Apps\my-expo-app\app\hooks\useFixturesAwaitingResults.jsx", "JavaScript JSX", 0, 0, 0, 0, 78, 0, 0, 2, 12, 92
"c:\Users\dryde\Documents\Mobile-Apps\my-expo-app\app\hooks\useGlobalRank.jsx", "JavaScript JSX", 0, 0, 0, 0, 22, 0, 0, 0, 4, 26
"c:\Users\dryde\Documents\Mobile-Apps\my-expo-app\app\hooks\useGroupedFixtures.jsx", "JavaScript JSX", 0, 0, 0, 0, 69, 0, 0, 1, 11, 81
"c:\Users\dryde\Documents\Mobile-Apps\my-expo-app\app\hooks\useGroupedResults.jsx", "JavaScript JSX", 0, 0, 0, 0, 67, 0, 0, 0, 14, 81
"c:\Users\dryde\Documents\Mobile-Apps\my-expo-app\app\hooks\useHeadToHeadStats.jsx", "JavaScript JSX", 0, 0, 0, 0, 34, 0, 0, 0, 12, 46
"c:\Users\dryde\Documents\Mobile-Apps\my-expo-app\app\hooks\useJoinDivisionRequests.jsx", "JavaScript JSX", 0, 0, 0, 0, 18, 0, 0, 0, 5, 23
"c:\Users\dryde\Documents\Mobile-Apps\my-expo-app\app\hooks\useJoinTeamRequests.jsx", "JavaScript JSX", 0, 0, 0, 0, 19, 0, 0, 0, 5, 24
"c:\Users\dryde\Documents\Mobile-Apps\my-expo-app\app\hooks\useKnockoutBracket.jsx", "JavaScript JSX", 0, 0, 0, 0, 68, 0, 0, 9, 16, 93
"c:\Users\dryde\Documents\Mobile-Apps\my-expo-app\app\hooks\useLast5Results.jsx", "JavaScript JSX", 0, 0, 0, 0, 25, 0, 0, 0, 6, 31
"c:\Users\dryde\Documents\Mobile-Apps\my-expo-app\app\hooks\useLeaveChildTeam.jsx", "JavaScript JSX", 0, 0, 0, 0, 20, 0, 0, 0, 6, 26
"c:\Users\dryde\Documents\Mobile-Apps\my-expo-app\app\hooks\useLogChanges.jsx", "JavaScript JSX", 0, 0, 0, 0, 45, 0, 0, 6, 12, 63
"c:\Users\dryde\Documents\Mobile-Apps\my-expo-app\app\hooks\useNotifications.jsx", "JavaScript JSX", 0, 0, 0, 0, 20, 0, 0, 0, 4, 24
"c:\Users\dryde\Documents\Mobile-Apps\my-expo-app\app\hooks\usePlayerAwards.jsx", "JavaScript JSX", 0, 0, 0, 0, 16, 0, 0, 0, 4, 20
"c:\Users\dryde\Documents\Mobile-Apps\my-expo-app\app\hooks\usePlayerBadges.jsx", "JavaScript JSX", 0, 0, 0, 0, 27, 0, 0, 0, 10, 37
"c:\Users\dryde\Documents\Mobile-Apps\my-expo-app\app\hooks\usePlayerFrameStats.jsx", "JavaScript JSX", 0, 0, 0, 0, 33, 0, 0, 2, 7, 42
"c:\Users\dryde\Documents\Mobile-Apps\my-expo-app\app\hooks\usePlayerFrames.jsx", "JavaScript JSX", 0, 0, 0, 0, 76, 0, 0, 17, 22, 115
"c:\Users\dryde\Documents\Mobile-Apps\my-expo-app\app\hooks\usePlayerInvitesAndRequests.jsx", "JavaScript JSX", 0, 0, 0, 0, 61, 0, 0, 1, 7, 69
"c:\Users\dryde\Documents\Mobile-Apps\my-expo-app\app\hooks\usePlayerLeaderboard.jsx", "JavaScript JSX", 0, 0, 0, 0, 22, 0, 0, 0, 5, 27
"c:\Users\dryde\Documents\Mobile-Apps\my-expo-app\app\hooks\usePlayerRankings.jsx", "JavaScript JSX", 0, 0, 0, 0, 20, 0, 0, 0, 5, 25
"c:\Users\dryde\Documents\Mobile-Apps\my-expo-app\app\hooks\usePlayerStats.jsx", "JavaScript JSX", 0, 0, 0, 0, 62, 0, 0, 4, 9, 75
"c:\Users\dryde\Documents\Mobile-Apps\my-expo-app\app\hooks\usePlayersByDistrict.jsx", "JavaScript JSX", 0, 0, 0, 0, 61, 0, 0, 1, 10, 72
"c:\Users\dryde\Documents\Mobile-Apps\my-expo-app\app\hooks\useRecentBadges.jsx", "JavaScript JSX", 0, 0, 0, 0, 21, 0, 0, 0, 4, 25
"c:\Users\dryde\Documents\Mobile-Apps\my-expo-app\app\hooks\useRequestToJoinTeam.jsx", "JavaScript JSX", 0, 0, 0, 0, 58, 0, 0, 7, 13, 78
"c:\Users\dryde\Documents\Mobile-Apps\my-expo-app\app\hooks\useResultsByFixture.jsx", "JavaScript JSX", 0, 0, 0, 0, 37, 0, 0, 0, 7, 44
"c:\Users\dryde\Documents\Mobile-Apps\my-expo-app\app\hooks\useResultsPendingApproval.jsx", "JavaScript JSX", 0, 0, 0, 0, 41, 0, 0, 1, 7, 49
"c:\Users\dryde\Documents\Mobile-Apps\my-expo-app\app\hooks\useSaveMatchResults.jsx", "JavaScript JSX", 0, 0, 0, 0, 69, 0, 0, 7, 13, 89
"c:\Users\dryde\Documents\Mobile-Apps\my-expo-app\app\hooks\useSeasonStats.jsx", "JavaScript JSX", 0, 0, 0, 0, 20, 0, 0, 0, 6, 26
"c:\Users\dryde\Documents\Mobile-Apps\my-expo-app\app\hooks\useSeasons.jsx", "JavaScript JSX", 0, 0, 0, 0, 20, 0, 0, 0, 4, 24
"c:\Users\dryde\Documents\Mobile-Apps\my-expo-app\app\hooks\useStandings.jsx", "JavaScript JSX", 0, 0, 0, 0, 217, 0, 0, 13, 47, 277
"c:\Users\dryde\Documents\Mobile-Apps\my-expo-app\app\hooks\useTeamAwards.jsx", "JavaScript JSX", 0, 0, 0, 0, 16, 0, 0, 0, 4, 20
"c:\Users\dryde\Documents\Mobile-Apps\my-expo-app\app\hooks\useTeamLeaderboard.jsx", "JavaScript JSX", 0, 0, 0, 0, 22, 0, 0, 0, 5, 27
"c:\Users\dryde\Documents\Mobile-Apps\my-expo-app\app\hooks\useTeamPlayerActions.jsx", "JavaScript JSX", 0, 0, 0, 0, 278, 0, 0, 33, 43, 354
"c:\Users\dryde\Documents\Mobile-Apps\my-expo-app\app\hooks\useTeamPlayers.jsx", "JavaScript JSX", 0, 0, 0, 0, 37, 0, 0, 1, 7, 45
"c:\Users\dryde\Documents\Mobile-Apps\my-expo-app\app\hooks\useTeamProfile.jsx", "JavaScript JSX", 0, 0, 0, 0, 31, 0, 0, 0, 4, 35
"c:\Users\dryde\Documents\Mobile-Apps\my-expo-app\app\hooks\useTeamStats.jsx", "JavaScript JSX", 0, 0, 0, 0, 63, 0, 0, 4, 10, 77
"c:\Users\dryde\Documents\Mobile-Apps\my-expo-app\app\hooks\useTeamsByDistrict.jsx", "JavaScript JSX", 0, 0, 0, 0, 25, 0, 0, 0, 5, 30
"c:\Users\dryde\Documents\Mobile-Apps\my-expo-app\app\hooks\useTeamsByDivision.jsx", "JavaScript JSX", 0, 0, 0, 0, 46, 0, 0, 1, 7, 54
"c:\Users\dryde\Documents\Mobile-Apps\my-expo-app\app\hooks\useUnseenBadgesTrigger.jsx", "JavaScript JSX", 0, 0, 0, 0, 90, 0, 0, 21, 13, 124
"c:\Users\dryde\Documents\Mobile-Apps\my-expo-app\app\hooks\useUpcomingFixtures.jsx", "JavaScript JSX", 0, 0, 0, 0, 58, 0, 0, 1, 9, 68
"c:\Users\dryde\Documents\Mobile-Apps\my-expo-app\app\hooks\useUpdateChildTeam.jsx", "JavaScript JSX", 0, 0, 0, 0, 16, 0, 0, 0, 3, 19
"c:\Users\dryde\Documents\Mobile-Apps\my-expo-app\app\hooks\useUserProfile.jsx", "JavaScript JSX", 0, 0, 0, 0, 65, 0, 0, 0, 9, 74
"c:\Users\dryde\Documents\Mobile-Apps\my-expo-app\app\index.jsx", "JavaScript JSX", 0, 0, 0, 0, 9, 0, 0, 0, 2, 11
"c:\Users\dryde\Documents\Mobile-Apps\my-expo-app\app\lib\badgeIcons.js", "JavaScript", 155, 0, 0, 0, 0, 0, 0, 3, 4, 162
"c:\Users\dryde\Documents\Mobile-Apps\my-expo-app\app\lib\colors.js", "JavaScript", 147, 0, 0, 0, 0, 0, 0, 0, 5, 152
"c:\Users\dryde\Documents\Mobile-Apps\my-expo-app\app\lib\fixtureOptions.js", "JavaScript", 26, 0, 0, 0, 0, 0, 0, 0, 2, 28
"c:\Users\dryde\Documents\Mobile-Apps\my-expo-app\app\lib\helperFunctions.js", "JavaScript", 722, 0, 0, 0, 0, 0, 0, 47, 145, 914
"c:\Users\dryde\Documents\Mobile-Apps\my-expo-app\app\lib\supabase.js", "JavaScript", 25, 0, 0, 0, 0, 0, 0, 0, 6, 31
"c:\Users\dryde\Documents\Mobile-Apps\my-expo-app\app\lib\toastConfig.js", "JavaScript", 78, 0, 0, 0, 0, 0, 0, 0, 8, 86
"c:\Users\dryde\Documents\Mobile-Apps\my-expo-app\babel.config.js", "JavaScript", 23, 0, 0, 0, 0, 0, 0, 0, 2, 25
"c:\Users\dryde\Documents\Mobile-Apps\my-expo-app\cesconfig.jsonc", "JSON with Comments", 0, 0, 0, 0, 0, 29, 0, 2, 0, 31
"c:\Users\dryde\Documents\Mobile-Apps\my-expo-app\eas.json", "JSON", 0, 0, 36, 0, 0, 0, 0, 0, 1, 37
"c:\Users\dryde\Documents\Mobile-Apps\my-expo-app\eslint.config.js", "JavaScript", 13, 0, 0, 0, 0, 0, 0, 1, 2, 16
"c:\Users\dryde\Documents\Mobile-Apps\my-expo-app\global.css", "PostCSS", 0, 119, 0, 0, 0, 0, 0, 0, 3, 122
"c:\Users\dryde\Documents\Mobile-Apps\my-expo-app\google-services-dev.json", "JSON", 0, 0, 1, 0, 0, 0, 0, 0, 0, 1
"c:\Users\dryde\Documents\Mobile-Apps\my-expo-app\google-services-prod.json", "JSON", 0, 0, 1, 0, 0, 0, 0, 0, 0, 1
"c:\Users\dryde\Documents\Mobile-Apps\my-expo-app\metro.config.js", "JavaScript", 6, 0, 0, 0, 0, 0, 0, 0, 3, 9
"c:\Users\dryde\Documents\Mobile-Apps\my-expo-app\nativewind-env.d.ts", "TypeScript", 0, 0, 0, 0, 0, 0, 0, 2, 1, 3
"c:\Users\dryde\Documents\Mobile-Apps\my-expo-app\package-lock.json", "JSON", 0, 0, 16710, 0, 0, 0, 0, 0, 1, 16711
"c:\Users\dryde\Documents\Mobile-Apps\my-expo-app\package.json", "JSON", 0, 0, 86, 0, 0, 0, 0, 0, 1, 87
"c:\Users\dryde\Documents\Mobile-Apps\my-expo-app\prettier.config.js", "JavaScript", 9, 0, 0, 0, 0, 0, 0, 0, 2, 11
"c:\Users\dryde\Documents\Mobile-Apps\my-expo-app\tailwind.config.js", "JavaScript", 88, 0, 0, 0, 0, 0, 0, 1, 2, 91
"Total", "-", 1380, 119, 16834, 3, 38836, 29, 0, 1166, 4338, 62705